url_path,views_total,views_unique
/L2S-lab/natnet_ros_cpp,18,11
/L2S-lab/natnet_ros_cpp/pulls,3,2
/L2S-lab/natnet_ros_cpp/tree/main/src,2,2
/L2S-lab/natnet_ros_cpp/commit/95012540144c4c0e6858c6a9cf53a21054a3d7e5,2,1
/L2S-lab/natnet_ros_cpp/commit/d8e7e236328898f3ba0ed656b3907175e1e5206e,2,1
/L2S-lab/natnet_ros_cpp/actions,1,1
/L2S-lab/natnet_ros_cpp/blob/main/CHANGELOG.md,1,1
/L2S-lab/natnet_ros_cpp/blob/main/src/natnet_ros.cpp,1,1
/L2S-lab/natnet_ros_cpp/commits,1,1
/L2S-lab/natnet_ros_cpp/discussions,1,1
